Timestamp,Machine 1 Top 1,Machine 1 Top 2,Machine 1 Top 3,Machine 2 Top 1,Machine 2 Top 2,Machine 2 Top 3,Machine 3 Top 1,Machine 3 Top 2,Machine 3 Top 3,Machine 4 Top 1,Machine 4 Top 2,Machine 4 Top 3,Machine 5 Top 1,Machine 5 Top 2,Machine 5 Top 3
5/6/2026 23:37:49,E1,D9,C2,B5,E10,D3,F5,E1,A10,E1,F4,E3,C1,A5,A3
5/6/2026 23:38:13,C4,D5,D7,F4,F9,F8,B7,B3,A5,F9,B4,A1,F3,D10,A4
5/6/2026 23:38:55,F1,D8,D10,E9,E10,F9,A9,A2,F1,C4,B5,B1,F5,D8,F1
5/6/2026 23:39:01,E3,E1,F1,B3,A3,B1,C4,E1,F2,C2,C5,E3,C4,C5,B1
5/6/2026 23:42:07,F5,B3,B2,B5,D4,F1,E2,C3,C1,D2,D5,D1,E2,B2,C1
5/6/2026 23:43:19,B5,B3,E3,B1,B5,C5,C2,C3,C4,C2,D5,C5,C4,E2,C5
5/6/2026 23:44:01,C5,C9,A4,C5,E1,F7,D1,E4,F2,B2,E5,F3,F2,F9,F1
5/6/2026 23:45:16,C4,A5,B3,F4,B1,F1,B2,A5,B4,F4,F9,A3,D8,E2,B4
5/6/2026 23:47:03,A1,B2,D3,B5,F1,F9,B3,F4,C5,A1,A5,E5,A4,B3,B4
5/6/2026 23:47:04,A4,E2,A1,B4,A5,C1,A10,F3,F5,B7,C4,E3,C3,A3,E4
5/6/2026 23:50:33,B3,D3,F1,B5,B4,B1,C1,B6,A4,B7,C2,F9,B2,C1,F5
5/6/2026 23:51:49,A1,D6,A3,C4,C5,D5,D4,B3,E5,A5,E1,A4,B3,A5,A1
5/6/2026 23:53:16,A4,C7,B3,D1,C5,A5,E3,E5,C3,D3,E1,D4,A2,A5,E2
5/6/2026 23:58:20,A1,B3,D10,A3,D2,B1,A1,E4,C3,A5,D5,A2,B3,B4,E2
5/6/2026 23:58:43,B1,D8,D10,B3,D1,E1,A1,A2,C5,A3,A2,A5,A2,E3,E4
5/7/2026 0:04:54,D2,E1,C2,E9,C4,A3,B4,A1,D5,B1,B9,E5,F5,B1,E4
5/7/2026 0:04:50,F4,D1,F5,B5,C3,E9,B5,D5,E2,B5,D4,F1,A4,A3,D10
5/7/2026 0:06:03,F5,F4,B1,B3,C4,F4,E2,E4,E3,D2,D1,D4,E1,E4,D8
5/7/2026 0:09:36,B3,D3,B2,D4,B1,E9,A4,C1,A5,F4,D5,B8,B2,D10,F8
5/7/2026 0:10:54,A1,F2,D6,C2,A5,A1,E1,A4,F3,E3,B1,A5,A1,A5,B3
5/7/2026 0:16:53,A2,D3,E1,A3,A1,F4,C5,B3,D1,A2,F9,E5,B4,D6,F3
5/7/2026 0:17:10,B5,D1,F3,B4,A3,F1,C2,B3,E1,C2,B9,E3,C4,D9,F3
5/7/2026 0:19:53,F4,F1,E4,D1,D3,F7,E4,C5,A1,B7,A2,C3,C5,D1,A3
5/7/2026 0:22:11,D1,C1,A1,E10,D2,F1,C5,C2,D5,B5,B9,C2,D3,E4,C3
5/7/2026 0:32:52,B3,C4,F5,B1,F4,C3,B5,C3,D1,B4,D5,E2,F3,E2,E3
5/7/2026 0:53:25,B4,E1,E4,B2,A5,E3,A6,D1,E5,B7,F9,D4,C3,D1,A5
5/7/2026 0:55:52,F3,B5,B1,B4,B3,B2,B6,E3,C5,A1,D4,C2,D1,B1,B5
5/7/2026 1:18:19,F4,D1,C3,C5,D2,F3,E4,E1,A10,E3,F6,D4,C2,F3,F5
5/7/2026 1:25:35,D8,C9,B3,F10,E3,B1,B5,C3,B3,B4,D5,A5,E2,B1,E2
5/7/2026 1:53:33,E4,E5,F4,C2,C4,A3,E4,E3,D5,E5,D4,F5,E4,E5,B5
5/7/2026 2:23:07,D8,E4,F4,D1,B5,C4,B6,F5,C1,E5,D4,C4,A2,E4,C2
5/7/2026 6:12:17,B1,F3,F4,C2,C4,C5,D5,F5,C1,A2,D1,D4,E1,E4,E5
5/7/2026 6:17:57,B1,A1,D1,C5,D2,A1,D5,D2,C5,E5,A2,B3,D6,D2,B1
5/7/2026 6:30:06,A4,D6,F4,D5,F7,E10,F3,A3,B8,D3,E1,C3,A5,F4,A1
5/7/2026 8:52:24,F3,D8,D2,B5,B4,F9,D1,B3,B5,A1,E5,D5,D3,E2,D10
5/7/2026 9:39:33,B2,F4,F3,C2,D3,C4,E4,E3,F4,A1,D4,E2,A4,A3,E4
5/7/2026 9:47:05,F2,C9,E1,A5,F8,D2,F3,B5,E5,C4,E1,B3,A5,D3,D2
5/7/2026 11:14:57,E1,B5,D3,A5,B5,F7,E1,E5,A1,A1,E3,E1,A4,A5,C4
5/7/2026 12:09:11,B3,A3,C2,A5,B1,E10,C3,A1,E2,D5,A4,B5,E2,F9,A1
5/7/2026 12:17:13,D9,D5,F5,E5,F9,E10,C3,F5,E2,B7,B1,B10,D1,F7,F5
5/7/2026 12:24:59,A1,D1,E4,B3,F9,F3,A1,C5,E1,A2,A5,B3,B3,B4,E1
5/7/2026 12:25:48,A2,A4,C2,B3,B4,D5,C5,B1,D1,A2,B1,D1,B4,E3,E1
5/7/2026 12:27:30,F2,B3,D1,B1,B5,E9,C3,F5,A1,C3,D5,B1,E2,C1,D9
5/7/2026 12:29:40,C5,A4,F4,D3,C2,E1,E1,B9,E5,B1,F8,F1,B2,F9,F2
5/7/2026 12:37:21,B3,E1,C3,C5,B1,C2,C1,A6,D2,D5,C2,E2,B1,B2,E2
5/7/2026 12:46:03,D8,A1,A2,F9,B4,E10,C5,A1,F5,A2,A3,A4,B3,B4,E3
5/7/2026 12:46:23,B5,C4,D10,D5,E9,F4,A5,C2,C3,C2,F9,D3,C4,F5,D8
5/7/2026 12:47:41,C8,C6,F5,C4,E2,F5,E2,F4,E1,D2,E3,C1,F4,B5,C3
5/7/2026 13:24:55,C1,C4,D10,F1,F4,E10,B2,B4,B9,B8,F1,F3,D10,F8,B3
5/7/2026 15:02:07,A4,F1,C9,E10,D5,B5,F2,C2,F5,D3,C4,C2,D5,C4,C1
5/7/2026 15:43:59,D8,C8,B4,F9,E10,E2,A2,E2,E1,B3,E3,E1,D9,F5,A5
5/7/2026 15:44:39,B1,F4,D6,D4,B5,F7,C1,E4,A1,F1,C3,D4,B2,D8,E5
5/7/2026 15:47:28,A2,B2,D9,B5,E5,D1,D2,E4,A10,A2,E2,F6,B1,B5,F7
5/7/2026 15:52:20,B5,C8,C2,C5,E10,D1,C2,F1,D3,C5,F2,B1,C4,F4,F8
5/7/2026 15:52:30,B3,C10,B1,B1,B5,B3,C3,A6,F5,D5,E1,A2,E2,C1,E4
5/7/2026 15:52:32,F4,D3,B1,C3,A3,B2,E4,E1,F1,B7,E3,E4,D1,A5,F3
5/7/2026 16:09:37,F1,F2,B5,D5,F4,D4,F2,F3,C2,C3,C4,C2,C4,B2,C5
5/7/2026 16:23:53,C3,D7,B2,E4,F1,B5,A2,A1,A3,B8,B1,B3,D10,E4,B2
5/7/2026 16:25:01,A2,C9,B2,C2,D1,E7,E1,D5,B9,A2,B5,E2,D5,E4,C5
5/7/2026 16:31:15,E4,B4,C8,D2,E5,B2,A8,D5,A1,F8,C1,A1,B1,F7,C2
5/7/2026 16:31:53,D6,F3,A5,D1,F7,E10,E3,A3,E2,B10,D4,A3,A2,E3,F1
5/7/2026 16:40:04,C2,C9,C5,E3,E1,F9,B3,A1,C5,F9,B1,B4,F8,F9,F10
5/7/2026 16:58:39,D6,C5,A3,A5,F7,E1,E5,A3,B4,A1,E1,F8,A4,A5,F9
5/7/2026 17:26:16,C4,A3,D10,F4,B4,F3,B4,C5,A3,A2,F3,A4,B4,B5,F3
5/7/2026 18:02:25,F3,D1,F5,A5,E9,F9,A8,B9,E3,F1,C3,A3,A1,F5,D9
5/7/2026 18:09:30,A4,D8,C5,E4,F4,F10,B2,A6,D3,D5,C3,E4,F5,D5,D8
5/7/2026 18:11:06,B5,F5,D3,B4,F7,C5,D1,E2,A3,E5,D2,C2,B5,D1,B1
5/7/2026 18:21:23,C9,D9,F4,E3,D1,E8,F2,E4,F4,C4,F3,B9,F10,F1,A2
5/7/2026 19:27:56,D1,C2,E1,D4,F2,B4,B3,C1,E5,A1,F8,F9,B2,F3,B5
5/7/2026 19:57:08,A2,E5,C2,C5,F2,D1,C5,D5,F3,A2,F10,C3,A5,F8,F2
5/7/2026 20:34:19,C6,D3,C1,D2,F5,F2,B6,A4,A8,B7,B5,F1,D1,D7,D5
5/7/2026 21:02:02,B5,B3,D8,D4,B5,F9,C1,C2,C4,C2,C5,A3,B2,C4,C1
5/8/2026 0:31:08,B1,D6,D7,B3,C3,F7,B6,B8,A3,D1,B7,F6,D4,E1,D1
5/8/2026 3:40:41,D8,E4,F3,E3,E8,F9,B3,C5,E3,F9,D4,D3,D10,F10,B1
5/8/2026 3:42:03,B3,B2,D3,D2,E10,D5,B3,E4,C1,A5,A3,A2,A1,D1,A2
5/8/2026 11:10:46,A3,F2,F5,D2,F6,D1,E2,E4,E1,A4,D2,E3,C2,B3,A3
5/8/2026 15:46:26,D2,D4,D8,A4,F8,D2,A2,B8,E1,F6,B3,E3,D9,B1,F5